Joel,Valenzuela,joel.valenzuela@gmail.com
Alejandro,Martinez,alejandro.martinez@gmail.com
Rodrigo,Estrella,rodrigo.estrella@gmail.com
Felipe,Flores,felipe.flores@gmail.com
Martin,Navarro,martin.navarro@gmail.com
Arturo,Almeida,arturo.almeida@gmail.com
Eric,Tapia2,eric.tapia2@gmail.com
Federico,Diaz,federico.diaz@gmail.com
Eric,Tapia,eric.tapia@gmail.com
Felipe,Correa,felipe.correa@gmail.com
Jorge,Escamilla,jorge.escamilla@gmail.com
Felipe,Aguirre,felipe.aguirre@gmail.com
Jose,Gonzalez,jose.gonzalez@gmail.com
Ivan,Esquivel,ivan.esquivel@gmail.com
Alfredo,Napoles,alfredo.napoles@gmail.com
Ivan,Belasteguin,ivan.belasteguin@gmail.com
Diego,Gastelum,diego.gastelum@gmail.com
Jaime,Navarro,jaime.navarro@gmail.com
Juan,Alatorre2,juan.alatorre2@gmail.com
Agustin,Frias,agustin.frias@gmail.com
Agustin,Perez,agustin.perez@gmail.com
Agustin,Aguirre,agustin.aguirre@gmail.com
Adan,Villa,adan.villa@gmail.com
Eric,Almeida,eric.almeida@gmail.com
Arturo,Perez,arturo.perez@gmail.com
Octavio,Diaz,octavio.diaz@gmail.com
Jaime,Faisal,jaime.faisal@gmail.com
Luis,Napoles,luis.napoles@gmail.com
Luis,Romo,luis.romo@gmail.com
Ramiro,Santaella,ramiro.santaella@gmail.com
Carlos,Maravilla,carlos.maravilla@gmail.com
Jaime,Torres2,jaime.torres2@gmail.com
Alonso,Sotomayor,alonso.sotomayor@gmail.com
Eric,Belasteguin,eric.belasteguin@gmail.com
Arturo,Gonzalez,arturo.gonzalez@gmail.com
Arturo,Ramirez,arturo.ramirez@gmail.com
Pedro,Esquivel,pedro.esquivel@gmail.com
Agustin,Valenzuela,agustin.valenzuela@gmail.com
Pedro,Sotomayor,pedro.sotomayor@gmail.com
Facundo,Diaz,facundo.diaz@gmail.com
Julio,Maya,julio.maya@gmail.com
Alonso,Rodriguez,alonso.rodriguez@gmail.com
Francisco,Reyes,francisco.reyes@gmail.com
Jaime,Torres,jaime.torres@gmail.com
Juan,Alatorre,juan.alatorre@gmail.com
Daniel,Estrella,daniel.estrella@gmail.com
Alejandro,Celis,alejandro.celis@gmail.com
Alonso,Reyes,alonso.reyes@gmail.com
Joel,Alvarez,joel.alvarez@gmail.com
Jorge,Almeida,jorge.almeida@gmail.com
Daniel,Alvarez,daniel.alvarez@gmail.com
Pablo,Poil,pablo.poil@gmail.com
Diego,Martinez,diego.martinez@gmail.com
Gerardo,Almeida,gerardo.almeida@gmail.com
Armando,Ramirez,armando.ramirez@gmail.com
Alvaro,Tapia,alvaro.tapia@gmail.com
Antonio,Barajas,antonio.barajas@gmail.com
Diego,Tapia,diego.tapia@gmail.com
Pedro,Flores,pedro.flores@gmail.com
Agustin,Celis,agustin.celis@gmail.com
Arturo,Olmos,arturo.olmos@gmail.com
Antonio,Salgado,antonio.salgado@gmail.com
Alfredo,Romo,alfredo.romo@gmail.com
Francisco,Flores,francisco.flores@gmail.com
Ramiro,Almeida,ramiro.almeida@gmail.com
Jorge,Correa,jorge.correa@gmail.com
Daniel,Sottil,daniel.sottil@gmail.com
Adan,Alvarez,adan.alvarez@gmail.com
Pedro,Napoles,pedro.napoles@gmail.com
Osvaldo,Esquivel,osvaldo.esquivel@gmail.com
Arturo,Frias,arturo.frias@gmail.com
Adolfo,Navarro,adolfo.navarro@gmail.com
Luis,Reyes,luis.reyes@gmail.com
Ivan,Ramirez,ivan.ramirez@gmail.com
Osvaldo,Salgado,osvaldo.salgado@gmail.com
Jaime,Gastelum,jaime.gastelum@gmail.com
Arturo,Diaz,arturo.diaz@gmail.com
Ramiro,Flores,ramiro.flores@gmail.com
Octavio,Gonzalez,octavio.gonzalez@gmail.com
Martin,Olmos,martin.olmos@gmail.com
Octavio,Romo,octavio.romo@gmail.com
Alonso,Oliva,alonso.oliva@gmail.com
Ramiro,Sottil,ramiro.sottil@gmail.com
Saul,Estrella,saul.estrella@gmail.com
Armando,Aguirre,armando.aguirre@gmail.com
Eric,Barajas,eric.barajas@gmail.com
Luis,Sottil,luis.sottil@gmail.com
David,Almeida,david.almeida@gmail.com
Daniel,Olmos,daniel.olmos@gmail.com
Facundo,Gonzalez,facundo.gonzalez@gmail.com
Emilio,Napoles,emilio.napoles@gmail.com
Octavio,Maya,octavio.maya@gmail.com
Rodrigo,Villa,rodrigo.villa@gmail.com
Rodrigo,Perez,rodrigo.perez@gmail.com
Ramiro,Ruiz,ramiro.ruiz@gmail.com
Jose,Aguirre,jose.aguirre@gmail.com
Martin,Correa,martin.correa@gmail.com
Alfredo,Maya,alfredo.maya@gmail.com
Oscar,Valenzuela,oscar.valenzuela@gmail.com
Alvaro,Celis,alvaro.celis@gmail.com
Emilio,Reyes,emilio.reyes@gmail.com
Ramiro,Valenzuela,ramiro.valenzuela@gmail.com
Juan,Alvarez,juan.alvarez@gmail.com
Francisco,Villa,francisco.villa@gmail.com
Oscar,Alatorre,oscar.alatorre@gmail.com
Gerardo,Tapia,gerardo.tapia@gmail.com
Francisco,Barajas,francisco.barajas@gmail.com
Jose,Villa,jose.villa@gmail.com
Adrian,Salgado,adrian.salgado@gmail.com
Emilio,Ramirez,emilio.ramirez@gmail.com
Juan,Ruiz,juan.ruiz@gmail.com
Juan,Reyes,juan.reyes@gmail.com
Oscar,Diaz,oscar.diaz@gmail.com
Federico,Flores,federico.flores@gmail.com
Jorge,Villa,jorge.villa@gmail.com
Javier,Sottil,javier.sottil@gmail.com
Federico,Celis,federico.celis@gmail.com
Alonso,Romo,alonso.romo@gmail.com
Eric,Gastelum,eric.gastelum@gmail.com
Alvaro,Sotomayor,alvaro.sotomayor@gmail.com
Jaime,Diaz,jaime.diaz@gmail.com
Felipe,Sotomayor,felipe.sotomayor@gmail.com
Julio,Napoles,julio.napoles@gmail.com
Jorge,Perez,jorge.perez@gmail.com